{"cameraMode":{"drawMode":0,"name":"Shaded","section":"Shading Mode"},"sceneLighting":true,"audioPlay":false,"sceneViewState":{"showFog":true,"showMaterialUpdate":false,"showSkybox":true,"showFlares":true,"showImageEffects":true,"showParticleSystems":true},"in2DMode":false,"pivot":{"x":0.3410798907279968,"y":-5.103248119354248,"z":18.50333023071289},"rotation":{"x":-0.1408279687166214,"y":-0.012774285860359669,"z":0.0018170200055465103,"w":-0.9899481534957886},"size":0.7071067690849304,"orthographic":false}